<?xml version="1.0" encoding="UTF-8" standalone="yes"?>
<addon id="AladoTest" name="[COLOR limegreen]Alado[/COLOR][COLOR yellow] Repository[/COLOR]" version="0.0.2" provider-name="AladoTV">
	<extension point="xbmc.addon.repository" name="Alado Repository">
		<info compressed="false">http://raw.github.com/Litium333/AladoTest/master/addons.xml</info>
		<checksum>http://raw.github.com/Litium333/AladoTest/master/addons.xml.md5</checksum>
		<datadir zip="true">http://raw.github.com/Litium333/AladoTest/master/repo</datadir>
	</extension>
	<extension point="xbmc.addon.metadata">
		<summary>[COLOR limegreen]By Alado[/COLOR]</summary>
		<description>[COLOR limegreen]By Alado[/COLOR]</description>
		<disclaimer></disclaimer>
		<platform>all</platform>
	</extension>
</addon>
