﻿
<?xml version="1.0" encoding="UTF-8" standalone="yes"?>
 
<channels> 
<channel>
<name>[COLOR red][COLOR  lawngreen][B]. [/B] [/COLOR][B] POWERED [/B][/COLOR][COLOR orange] BY [COLOR green] TEAM [COLOR yellow] MILHANO [/COLOR]</name>
<thumbnail></thumbnail>
<fanart>https://d.ibtimes.co.uk/en/full/1524858/us-government-targeted-new-malware-by-cyberespionage-group-sofacy.jpg?w=736</fanart>
<link>http://ignoreme</link>
<externallink>NAO QUERES MAIS NADA????</externallink>
</channel>

</channels>

